Social Account,Keywords,Category,Related Keywords
shameelabdulla,product management,Technology,
shameelabdulla,product roadmap,Technology,
shameelabdulla,productmgmt,Technology,
kkjayakrishnan,Data science,Technology,
kkjayakrishnan,Elasticsearch,Technology,
kkjayakrishnan,Bigdata stream processing,Technology,
ArtDalvik,bikes,Vehicles,
ArtDalvik,cars,Vehicles,
ArtDalvik,suvs,Vehicles,
Eljona_Kosta,motivation,wellbeing,
Eljona_Kosta,social media,marketing,
Eljona_Kosta,facebook ads,marketing,
Eljona_Kosta,business development,business,
Eljona_Kosta,social media for business,marketing,
Eljona_Kosta,work online,career,
whit_testing,movies,entertainment,
whit_testing,tv,entertainment,
whit_testing,music,entertainment,
BMWLuxuryCar,bmw,vehicles,
BMWLuxuryCar,Luxury car,vehicles,
DsmSiva,technology,technology,
DsmSiva,hindi music,entertainment,
Whitjs,social media,marketing,
GabrielaDeleanu,digital marketing,marketing,
GabrielaDeleanu,customer support,business,
GabrielaDeleanu,social media,marketing,
_Bakula,Tailoring,women's clothing,
_Bakula,Handloom,women's clothing,
_Bakula,Handwoven,women's clothing,
_Bakula,Fabrics,women's clothing,
Docip_en,indigenous peoples,Human rights,
Docip_en,human rights,Human rights,
Docip_en,nonprofit,Human rights,
Docip_en,climate change,environment,
Docip_en,UNPFII,Human rights,
Docip_en,EMRIP,Human rights,
SubkrishnaRao,indian railways,Transport,
SubkrishnaRao,religious tours,Travel,
MentorCentral,youth mentoring,Community work,
MentorCentral,mentoring,Community work,
MentorCentral,college transition,Higher education,
MentorCentral,first generation college,Higher education,
MentorCentral,college access,Higher education,
27aume,envionment protection,environment,
27aume,nature,environment,
27aume,ecology,environment,
27aume,green technology,environment,
27aume,crypto,Technology,
27aume,crypto-currency,Technology,
27aume,bitcoin,Technology,
27aume,economy,Economics,
27aume,science,Science,
27aume,evolution,Science,
27aume,peace,Politics,
CSMSNews,health care,Healthcare,
CSMSNews,physician,Healthcare,
CSMSNews,doctor,Healthcare,
CSMSNews,patient,Healthcare,
CSMSNews,health equity,Healthcare,
CSMSNews,access to care,Healthcare,
CSMSNews,health insurance,Healthcare,
CSMSNews,ACA,Healthcare,
CSMSNews,Obamacare,Healthcare,
CSMSNews,medicine,Healthcare,
CSMSNews,drug pricing,Healthcare,
CSMSNews,public health,Healthcare,
CSMSNews,population health,Healthcare,
CSMSNews,pop health,Healthcare,
dalvik_art,women's clothing AND fabrics,,
dalvik_art,women's clothing AND Handwoven,,
dalvik_art,women's clothing AND Handloom,,
dalvik_art,women's clothing AND Tailoring,,
Coface_France,assurance-crédit,Banking,
Coface_France,assurance crédit,Banking,
Coface_France,assurance credit,Banking,
Coface_France,impayé,Banking,
Coface_France,poste client,Banking,
Coface_France,recouvrement,Banking,
carrental8,rental car,Travel,
carrental8,car rental,Travel,
MedinaCountyDD,disability,Healthcare,
MedinaCountyDD,disabilities,Healthcare,
MedinaCountyDD,medina ohio,Healthcare,
MedinaCountyDD,medina oh,Healthcare,
MedinaCountyDD,autism,Healthcare,
MedinaCountyDD,special needs,Healthcare,
MedinaCountyDD,disabled,Healthcare,
MedinaCountyDD,wheelchair,Healthcare,
MedinaCountyDD,down syndrome,Healthcare,
MedinaCountyDD,county board of dd,Healthcare,
HootJarret,Social Media Marketing,Marketing,
Triple0_Medical,doctors,Health,
Triple0_Medical,locum,Health,
Triple0_Medical,surgery,Health,
Triple0_Medical,medical recruitment,Health,
Aurecon,engineering,Technology,
Aurecon,design,Technology,
Aurecon,innovation,Technology,
Aurecon,infrastructure,Infrastructure,
Aurecon,built environment,Infrastructure,
Aurecon,energy,Infrastructure,
Aurecon,resources,Infrastructure,
Aurecon,construction,Infrastructure,
Aurecon,project management,Construction,
Aurecon,transport,Trasport,
Aurecon,digital,Digital,
Aurecon,future,Technology,
Aurecon,diversity,Work,
Aurecon,sustainability,Business,
Aurecon,health and safety,Work,
Aurecon,advisory,Infrastructure,
FertilityMadrid,reproducción asistida,Healthcare,
FertilityMadrid,fecundación in vitro,Healthcare,
FertilityMadrid,inseminación artificial,Healthcare,
SmartDebit,Direct Debit,Banking,
SmartDebit,payments,Banking,
SmartDebit,fintech,Banking,
SmartDebit,cheques,Banking,
SmartDebit,GDPR,Data Protection,
SmartDebit,PSD2,Banking,
SmartDebit,Bacs,Banking,
StowLondon,travel accessories,Travel,
StowLondon,leather travel accessories,Travel,
Fremap_Mutua,prevencion,Social Security,
Fremap_Mutua,salud,Social Security,
Fremap_Mutua,empresa saludable,Social Security,
Fremap_Mutua,autonomos,Social Security,
Fremap_Mutua,rehabilitación,Social Security,
Fremap_Mutua,accidentes de trabajo,Social Security,
MidAmericaOSHA,safety training,Training,
MidAmericaOSHA,OSHA,Training,
MidAmericaOSHA,Safety and Health,Safety,
UofNH,education,Education,
UofNH,research,Education,
UofNH,STEM,Education,
UofNH,students,Education,
UofNH,community,Education,
UofNH,alumni,Education,
BurnMoneyMusic,rap,Music,
BurnMoneyMusic,hip hop,Music,
BurnMoneyMusic,music idustry,Music,
BurnMoneyMusic,kendrick lamar,Music,
BurnMoneyMusic,TDE,Music,
BurnMoneyMusic,record label,Music,
MannersHarrison,house buying,Real Estate,
MannersHarrison,buying a property,Real Estate,
MannersHarrison,letting a property,Real Estate,
MannersHarrison,looking for a mortgage,Real Estate,
evaliveshere,Animal welfare,Environment protection,
evaliveshere,Social marketing,Marketing,
evaliveshere,Social media,Marketing,
evaliveshere,Craft beer,Alcoholic Beverages,
evaliveshere,Coffee,Coffee,
evaliveshere,Social media marketing,Marketing,
WinTechWorld,women in tech,Woman empowerment,
WinTechWorld,women in leadership,Woman empowerment,
WinTechWorld,women who code,Woman empowerment,
WinTechWorld,women in stem,Woman empowerment,
tshirtapparel1,technology AND IOT,,
tshirtapparel1,IOT AND cloud IOT,,
tshirtapparel1,IOT AND IOT Technology,,
tshirtapparel1,IOT AND Solution,,
tshirtapparel1,IOT AND IOT Security,,
tshirtapparel1,IOT solution,,
tshirtapparel1,IOT security,,
tshirtapparel1,IOT Platform,,
tshirtapparel1,cloud IOT,,
tshirtapparel1,Business AND acquisition,,
tshirtapparel1,Acquisition business,,
tshirtapparel1,acquisition AND company acquisition,,
tshirtapparel1,mergers and acquisitions,,
tshirtapparel1,merge and acquisition,,
tshirtapparel1,company acquisition,,
tshirtapparel1,merging and acquisition,,
tshirtapparel1,mergers & acquisitions,,
tshirtapparel1,acquisition companies,,
tshirtapparel1,technology AND artificial intelligence,,
tshirtapparel1,Artificial intelligence AND Artificial intelligence research,,
tshirtapparel1,artificial intelligence AND artificial intelligence robot,,
tshirtapparel1,artificial intelligence AND computer intelligence,,
tshirtapparel1,artificial ai,,
tshirtapparel1,computer intelligence,,
tshirtapparel1,artificial intelligence machine learning,,
tshirtapparel1,artificial intelligence research,,
tshirtapparel1,Entrepreneurship AND startupindia,,
tshirtapparel1,Entrepreneurship businesses AND startupindia,,
tshirtapparel1,Entrepreneurship courses AND startupindia,,
tshirtapparel1,Successful entrepreneurs AND startupindia,,
tshirtapparel1,Entrepreneur success AND startupindia,,
tshirtapparel1,startupindia AND Small business entrepreneurs,,
tshirtapparel1,Business entrepreneur AND startupindia,,
tshirtapparel1,Successful entrepreneur businesses AND startupindia,,
tshirtapparel1,Startup entrepreneur AND startupindia,,
tshirtapparel1,startup entrepreneur,,
tshirtapparel1,entrepreneurship startup,,
tshirtapparel1,startup India,,
tshirtapparel1,successful entrepreneur businesses,,
tshirtapparel1,small business entrepreneurs,,
tshirtapparel1,marketing ideas for small businesses,,
tshirtapparel1,entrepreneurship training programs,,
tshirtapparel1,entrepreneurship degrees,,
tshirtapparel1,distance learning business management,,
tshirtapparel1,entrepreneur success stories,,
tshirtapparel1,"top entrepreneurs, entrepreneur success",,
tshirtapparel1,successful entrepreneurs,,
tshirtapparel1,famous entrepreneurs,,
tshirtapparel1,small business startups,,
tshirtapparel1,small business startups ideas,,
tshirtapparel1,small business entrepreneurship,,
tshirtapparel1,startup company,,
tshirtapparel1,business startup funding,,
tshirtapparel1,business entrepreneur,,
tshirtapparel1,businesses in india,,
tshirtapparel1,how to start a company in india,,
tshirtapparel1,startup business,,
tshirtapparel1,entrepreneurship businesses,,
tshirtapparel1,online startup business,,
tshirtapparel1,how to start a startup in india,,
tshirtapparel1,business starting,,
tshirtapparel1,Business and Industry AND Business,,
tshirtapparel1,Business AND small business phone service provider,,
tshirtapparel1,Business AND how to start up a small business,,
tshirtapparel1,Business AND small business entrepreneur,,
tshirtapparel1,Business AND small business start,,
tshirtapparel1,small business start,,
tshirtapparel1,small business ideas,,
tshirtapparel1,Investment banking AND Venture Capital,,
tshirtapparel1,venture capital AND +career +investment +banking,,
tshirtapparel1,venture capital investment,,
tshirtapparel1,startup venture capital,,
Shopological,shopping,Shopping,
Shopological,sale,Shopping,
Shopological,sales,Shopping,
Shopological,fashion,Shopping,
Shopological,blogger,Fashion,
Shopological,fashion blogger,Blogs,
Shopological,discount,Shopping,
Shopological,designer,Fashion,
Shopological,designer sale,Fashion,
Shopological,brands,Clothing,
Shopological,style,Clothing,
Shopological,blog,Fashion,
Shopological,highstreet,Fashion,
Shopological,high street,Fashion,
Shopological,luxury,Fashion,
Shopological,london shopping,Shopping,
Shopological,clothes,Fashion,
Shopological,shoes,Fashion,
Shopological,bags,Fashion accessories,
Shopological,womenswear,Fashion,
Shopological,menswear,Fashion,
Shopological,christmas shopping,Shopping,
ABTAtravel,travel,Travel,
ABTAtravel,Destinations,Travel,
ABTAtravel,swim safe,Travel,
ABTAtravel,sustainability,Travel,
ecom_store,women's clothing AND fabrics,,
ecom_store,women's clothing AND handwoven,,
ecom_store,women's clothing and handloom,,
ecom_store,women's clothing AND tailoring,,
ecom_store,maxi dress online,,
ecom_store,dresses for ladies,,
ecom_store,ladies dresses online,,
ecom_store,summer dresses for ladies,,
ecom_store,long dresses for women,,
ecom_store,party dresses for women,,
ecom_store,formal dresses for women,,
ecom_store,maxi dresses for women,,
ecom_store,long maxi dresses,,
ecom_store,maxi dresses,,
ecom_store,long dresses,,
ecom_store,designer dresses,,
ecom_store,dresses for women,,
ecom_store,online shopping clothes,,
ecom_store,cotton fabric online,,
ecom_store,ladies clothes,,
ecom_store,online clothes shopping,,
ecom_store,clothes shopping,,
ecom_store,latest fashion,,
ecom_store,buy clothes online,,
ecom_store,dresses for women,,
sports_pgh,Sports,,
sports_pgh,Pittsburgh Sports,Sports,
sports_pgh,Pittsburgh Penguins,Ice Hockey,
sports_pgh,Pittsburgh Steelers,American Football,
sports_pgh,Pittsburgh Pirates,Baseball,
sports_pgh,Sports Tourism,Tourism,
sports_pgh,Pittsburgh Riverhounds,Soccer,
sports_pgh,Black and Gold,American Football,
sports_pgh,City of Champions,Pittsburgh Sports,
sports_pgh,BurghProud,Pittsburgh Sports,
sports_pgh,LovePGH,Pittsburgh,
sports_pgh,University of Pittsburgh,Sports,
sports_pgh,Sports Technology,Sports,
sports_pgh,Sports Industry,Sports,
MediaAwarePro,sexual health,Healthcare,
MediaAwarePro,college sexual assault,Awareness,
MediaAwarePro,title XI,Law,
MediaAwarePro,cleary act,Law,
MediaAwarePro,campus save act,Law,
MediaAwarePro,sexual assault,Awareness,
MediaAwarePro,unplanned pregnancy,Awareness,
MediaAwarePro,prevention,Awareness,
MediaAwarePro,sti prevention,Awareness,
MediaAwarePro,hiv prevention,Awareness,
jackclue1,Entrepreneurship,,
jackclue1,Digital marketing,,
jackclue1,Fintech,,
jackclue1,innovation,,
jackclue1,funding,,
jackclue1,Startupindia,,
jackclue1,Business,,
jackclue1,Startup,,
jackclue1,Venture Debt,,
jackclue1,Venture Capital,,
jackclue1,Technology,,
shampoofmcg1,importance of education,,
shampoofmcg1,higher education,,
shampoofmcg1,college access AND scholar,,
shampoofmcg1,college access AND online courses,,
shampoofmcg1,course online,,
shampoofmcg1,quality education,,
shampoofmcg1,google scholar search,,
shampoofmcg1,online it courses,,
shampoofmcg1,online learning sites,,
shampoofmcg1,google scholar journal,,
shampoofmcg1,scholar google,,
shampoofmcg1,best online courses,,
shampoofmcg1,online classes,,
shampoofmcg1,college access AND education,,
shampoofmcg1,online education,,
shampoofmcg1,online learning,,
shampoofmcg1,free online courses,,
shampoofmcg1,community issues AND college access,,
shampoofmcg1,google scholar,,
AvihitRam,women's clothing OR fabrics,,
AvihitRam,women's clothing OR Handwoven,,
AvihitRam,women's clothing OR Handloom,,
AvihitRam,women's clothing OR Tailoring,,
VanCoffeeSnob,vancouvercoffee,Beverages,
VanCoffeeSnob,coffee,Beverages,
VanCoffeeSnob,vancouver,Place,
VanCoffeeSnob,pour over coffee,Beverages,
VanCoffeeSnob,cafe,Restaurants,
VanCoffeeSnob,vancouver coffee,Beverages,
auxiell,lean,Business,
auxiell,lean process,Business,
clootrack,pacific market research,Marketing,
clootrack,consumer research,Marketing,
clootrack,market research report,Marketing,
clootrack,market research singapore,Marketing,
clootrack,syndicated market research,Marketing,
clootrack,market research india,Marketing,
clootrack,Pharma market research,Marketing,
clootrack,market study,Marketing,
clootrack,Fashion market research,Marketing,
clootrack,market research atlanta,Marketing,
clootrack,market research,Marketing,
clootrack,Automotive market research,Marketing,
clootrack,sell on etsy,Business,
clootrack,mobile app idea,Technology,
clootrack,sell on amazon,Business,
clootrack,app idea research,Business,
PastestUSMLE,Medical Education,Education,
PastestUSMLE,Medical Learning,Education,
PastestUSMLE,Exam Preparation,Education,
PastestUSMLE,USMLE,Education,
PastestUSMLE,USMLE Step 1,Education,
BathSpaUni,creativity,Education,
BathSpaUni,culture,Education,
BathSpaUni,enterprise,Education,
MarylandSports,sports events,Sports,
MarylandSports,lacrosse,Sports,
MarylandSports,youth sports,Sports,
MarylandSports,soccer,Sports,
MarylandSports,basketball,Sports,
MarylandSports,football,Sports,
MarylandSports,cycling,Sports,
MarylandSports,amateur sports,Sports,
MarylandSports,maryland,Sports,
MarylandSports,sports commission,Sports,
MarylandSports,parks and recreation,Sports,
MarylandSports,local,Maryland,
MarylandSports,regional,Maryland,
JamesMasters05,music,Entertainment,
JamesMasters05,video games,Video games,
JamesMasters05,songwriting,Entertainment,
JamesMasters05,writing,Music,
RabbaFineFoods,food,Food,
RabbaFineFoods,grocery,Food,
RabbaFineFoods,cooking,Food,
RabbaFineFoods,recipes,Cooking,
RabbaFineFoods,retail,Food,
RabbaFineFoods,lifestyle,Shopping,
RabbaFineFoods,drinks,Drinks,
RabbaFineFoods,beverages,Beverages,
RabbaFineFoods,toronto,Current events,
RabbaFineFoods,mississauga,Current events,
RabbaFineFoods,food tips,Cooking,
RabbaFineFoods,healthy living,Food,
quillagency,advertising,Marketing,
quillagency,creative,Marketing,
quillagency,marketing,Marketing,
quillagency,graphic design,Marketing,
quillagency,business,Business,
Perception_MM,digital marketing,Marketing,
Perception_MM,web design,Marketing,
Perception_MM,videography,Marketing,
Perception_MM,Cleveland marketing,Marketing,
Perception_MM,social media marketing,Marketing,
Perception_MM,email campaigns,Marketing,
1947strong,farming,Agriculture,
1947strong,agriculture,Agriculture,
1947strong,landscaping,Agriculture,
1947strong,John Deere,John Deere,
1947strong,Wisconsin,Current events,
1947strong,gardening,Gardening,
1947strong,lawncare,Gardening,
1947strong,STIHL,Equipment,
1947strong,Packers,Equipment,
PigeonRiverBrew,beer,Alcoholic Beverages,
PigeonRiverBrew,craft beer,Alcoholic Beverages,
PigeonRiverBrew,taprooms,Alcoholic Beverages,
PigeonRiverBrew,Wisconsin,Current events,
PigeonRiverBrew,brewing,Alcoholic Beverages,
PigeonRiverBrew,brewery,Alcoholic Beverages,
PigeonRiverBrew,brewpub,Alcoholic Beverages,
SylvanOkotoks,STEM,Education,
SylvanOkotoks,Education,Education,
SylvanOkotoks,Reading,Education,
SylvanOkotoks,Math,Education,
SylvanOkotoks,Robotics,Education,
SylvanOkotoks,Coding,Education,
SylvanOkotoks,Engineering,Education,
SylvanOkotoks,Students,Education,
SylvanOkotoks,School,Education,
DisabilityFdn,disability,Healthcare,
DisabilityFdn,accessibility,Healthcare,
DisabilityFdn,disabled,Healthcare,
DisabilityFdn,SCI,Healthcare,
DisabilityFdn,spinal cord injury,Healthcare,
DisabilityFdn,paralysis,Healthcare,
DisabilityFdn,cerebral palsy,Healthcare,
DisabilityFdn,wheelchair,Healthcare,
ApartmentStore,apartments,Real estate,
ApartmentStore,student housing,Real estate,
ApartmentStore,college,Education,
ApartmentStore,college life,Education,
ApartmentStore,renting,Real estate,
Houtshop,hout,Construction,
Houtshop,timber,Construction,
Houtshop,interieur,Construction,
Houtshop,laminaat,Construction,
Houtshop,parket,Construction,
Houtshop,isolatie,Construction,
Houtshop,terras,Construction,
Houtshop,tuinschermen,Construction,
Houtshop,tuinaanleg,Construction,
Houtshop,interior design,Construction,
Houtshop,interieuradvies,Construction,
Houtshop,vloeren,Construction,
Houtshop,houten vloeren,Construction,
Houtshop,bouw,Construction,
Houtshop,elektrisch gereedschap,Equipment,
Houtshop,gyproc,Business,
Houtshop,quick-step,Business,
Houtshop,vinyl vloeren,Construction,
BulldogCases,gun holsters,Weapons,
BulldogCases,gun safes,Weapons,
BulldogCases,hunting,Weapons,
BulldogCases,concealed carry,Weapons,
BulldogCases,rifles,Weapons,
BulldogCases,shotguns,Weapons,
BulldogCases,pistols,Weapons,
BulldogCases,handguns,Weapons,
jackclue4,social media marketing,,
jackclue4,smm,,
jackclue4,digital marketing,,
hitmaneidos,homies,,
hitmaneidos,gangs,,
ISTIncOfficial,security solutions,Technology,
ISTIncOfficial,security provider,Technology,
ISTIncOfficial,security,Technology,
ISTIncOfficial,cloud security,Technology,
ISTIncOfficial,security integrator,Technology,
jicksonstephen,machine learning,,
jicksonstephen,deep learning,,
jicksonstephen,Unit testing,,
jicksonstephen,django framework,,
jicksonstephen,artificial intelligence,,
jicksonstephen,python programming,,
jicksonstephen,python language,,
jicksonstephen,Software design pattern,,
jicksonstephen,Clean code,,
cloohawk,social media marketing,Marketing,
cloohawk,influencer marketing,Marketing,
cloohawk,social media engagement,Marketing,
cloohawk,video marketing,Marketing,
cloohawk,content marketing,Marketing,
BrunoEtchepare,growth hacking,Marketing,
BrunoEtchepare,growth marketing,Marketing,
jackclue3,modi,,
jackclue3,namo,,
jackclue3,bjp,,
carrentals100,car rental,Travel,
carrentals100,rental car,Travel,
unicornindia,Machine learning,Technology,
unicornindia,Startupindia,Business,
unicornindia,Marketing,Marketing,
unicornindia,Technology,Technology,
unicornindia,innovation,Technology,
unicornindia,Fintech,Technology,
unicornindia,SaaS,Technology,
unicornindia,IOT,Technology,
unicornindia,AI,Technology,
unicornindia,Entrepreneurship,Business,
unicornindia,Startup,Business,
unicornindia,Digital marketing,Marketing,
unicornindia,funding,Investment Banking,
unicornindia,Venture Capital,Investment Banking,
unicornindia,mobile app,Technology,
unicornindia,Entrepreneur,Business,
unicornindia,India,,
unicornindia,Business,Business,
unicornindia,Venture Debt,Investment Banking,
paarth_dhar,india,,
paarth_dhar,startups,Business,
paarth_dhar,business,Business,
paarth_dhar,sports,Sports,
paarth_dhar,saas,Technology,
paarth_dhar,innovation,Technology,
paarth_dhar,data science,Technology,
paarth_dhar,iot,Technology,
paarth_dhar,venture capital,Investment Banking,
paarth_dhar,machine learning,Technology,
paarth_dhar,funding,Investment Banking,
paarth_dhar,marketing,Marketing,
paarth_dhar,football,Sports,
paarth_dhar,technology,Technology,
paarth_dhar,ai,Technology,
paarth_dhar,mobile app,Technology,
paarth_dhar,Chelsea,Football,
paarth_dhar,fintech,Technology,
paarth_dhar,digital marketing,Marketing,
paarth_dhar,EPL,Football,
SequenceUK,Estate agency,Real estate,
SequenceUK,selling homes,Real estate,